NOME;CIDADE;EMAIL ;CONTATO DE REFERENCIA ;TELEFONE
AMBULATÓRIO DE ESPECIALIDADES ITACY ;COLINA;smsaude.colina@gmail.com;ROGERIA ADRIANA; (17) 3341-8883
AMBULATÓRIO DE SAÚDE MENTAL ;CAJURU;saudementalcaju@yahoo.com;CAUANA DO C. CARDOSO;(16) 36676174
AMBULATÓRIO DE SAÚDE MENTAL ;JARDINÓPOLIS;saudemental@jardinopolis.sp.gov.br;LILIAN DE CARVALHO MARQUES;(16) 99701444
AMBULATÓRIO DE SAÚDE MENTAL - FARTURA;FARTURA;sersaude.fartura@gmail.com;ADRIANE;(43) 996447768/(14) 33089409/(14) 33089423
AMBULATÓRIO DE SAÚDE MENTAL - IPUĂ;IPUĂ;ssocial@ipua.sp.gov.br;DÉBORA;(16) 38320193
AMBULATÓRIO DE SAUDE MENTAL - ITAQUAQUECETUBA;ITAQUAQUECETUBA;saudementalitaqua@yahoo.com.br;ALINE - ASSISTENTE SOCIAL;(11) 96480482
AMBULATÓRIO DE SAÚDE MENTAL - SANTA ISABEL;SANTA ISABEL;saudementalct@gmail.com;RENATA AMARAL;(11) 46561906
AMBULATÓRIO DE SAÚDE MENTAL DE ARUJÁ;ARUJÁ SP;saudemental@aruja.sp.gov.br;ROBERTO BEZERRA;(11) 46551272
AMBULATÓRIO DE SAÚDE MENTAL DE PIRAJU;PIRAJU;saudemental@estanciadepiraju.sp.gov.br;LUCIANA VENDRAMETO;(14) 33059199/(14) 997294630
AMBULATÓRIO DE SAÚDE MENTAL DE RIBEIRĂO CORRENTE;RIBEIRĂO CORRENTE;saude@ribeiraocorrente.sp.gov.br;THAYENE DEISE DE ARAUJO MARTINS ;(16) 991184258/(16) 37491121
AMBULATÓRIO DE SAÚDE MENTAL DE SĂO MANUEL;SĂO MANUEL SP;saude.mental@saomanuel.sp.gov.br;MÁRIO;(14) 38415329
AMBULATÓRIO DE SAÚDE MENTAL DE SĂO ROQUE;SĂO ROQUE SP;ssmental@saoroque.sp.gov.br;MARIA SONIA DOS SANTOS SILVA;(11) 47122500
AMBULATÓRIO DE SAÚDE MENTAL DEUSDEDITH MEGA ;SERRANA;saude.mental.serrana@gmail.com;KELLY APARECIDA PIRES;(16) 981440124/(16) 34892854
AMBULATÓRIO DE SAÚDE MENTAL DR LAZARO MESSIAS ;PALMITAL;cssaudemental@palmital.sp.gov.br;BRUNA ZANONI COORDENADORA ;(18) 33513473/ (43) 999315274
AMBULATORIO DE SAÚDE MENTAL PIRATININGA;PIRATININGA;saudemental.piratininga@gmail.com; LINETE RUBIN - ENFERMEIRA;(14)32652135/(14) 99628208
AMBULATÓRIO DE SAÚDE MENTAL;PIRACICABA;adm.capsad.pira@gmail.com; NATALIA VIEIRA - TO;(19) 34116520
AMBULATÓRIO DE SAÚDE MENTAL/NÚCLEO AD ITÚ;ITÚ;saudementalitu@gmail.com;LUCIMAR CANDEIA CAMARGO;(11) 40133448/(11) 950510308
AMBULATÓRIO IVO MORGANTI DE SAÚDE MENTAL ;IBATÉ;mentalibate@gmail.com;RAFAEL NASCIMENTO DEVECHIO;(19) 982045638/(16) 33434781
AMBULATÓRIOD DE SAÚDE MENTAL;CRAVINHOS;saudemental@cravinhos.sp.gov.br;LILIAM MOREIRA BIS;(16) 39517006/(16) 39517722
CAPS - BURITAMA;BURITAMA;caps.buritama@live.com /  silviaines54@hotmail.com;SILVIA INES SIMON FALEIROS;(18) 998218450 /(18) 36912668
CAPS - CENTRO DE ATENÇĂO PSICOSSOCIAL;IRACEMÁPOLIS;caps@saude.iracemapolis.sp.gov.br ;SUZANA CARDOSO TERRA - RESPONSAVEL TÉCNICA ;(19) 3456-.7079 / (19) 999400045
CAPS - CENTRO DE ATENÇĂO PSICOSSOCIAL ;OSVALDO CRUZ;saudemental@osvaldocruz.sp.gov.br;GISLAINE FERREIRA -ASSISTENTE SOCIAL;(18)3528.0896
CAPS - CRUZEIRO;CRUZEIRO/SP;caps1cruzeirosp@gmail.com; NAZHA RACHID EL KADOUM;(12) 1231448854 / (12) 991022329
CAPS  DESCALVADO;DESCALVADO;caps.descalvado@hotmail.com;GLAUCIA REGINA AMARAL PINA;(19) 1935837781 / (19) 35837777
CAPS - FRANCA;FRANCA;julianeblanco@franca.sp.gov.br;JULIANE BLANCO;(16) 1621033016
CAPS - GUARARAPES;GUARARAPES;caps@guararapes.sp.gov.br;(HELOISA ROSSI;(18) 1834062228 / (16) 37213947
CAPS - GUARIBA;GUARIBA;capguariba@outulook.com.br;SEM INFORMAÇĂO;(13) 651699796
CAPS - ITARARÉ;ITARARÉ;saudecaps@itarare.sp.gov.br;MARCIA APARECIDA PADILHA;(15) 1535324799 / (15) 998066149
CAPS - MINEIROS DO TIETĘ;MINEIROS DO TIETĘ;caps@mineirosdotiete.sp.gov.br  / janzamb@hotmail.com;JANAINA -ASSISTENTE SOCIAL;(14) 997510319 / (14) 36462433
CAPS - PARIQUERA-AÇU;PARIQUERA-AÇU;capspariqueraacu@gmail.com;CARLOS EDUARDO GENTILE GOMES;(13) 38561762 / (13) 99796872
CAPS 1 RECOMEÇO - VALPARAÍSO;VALPARAISO/SP;saude.caps@valparaiso.sp.gov.br / caps.recomeco@hotmail.com;ANDRESSA ;(18) 3401-3459
CAPS AD -  DIADEMA;DIADEMA/SP;rita.gouveia@diadema.sp.gov.br;RITA GOUVEIA;(11) 40447387
CAPS AD -  PENÁPOLIS;PENÁPOLIS;capsad@cimpe.sp.gov.br;ISABEL CRISTINA FERREIRA ESCUDEIRO DE MORAES;(18) 3652-.5407 / (18) 36523455
CAPS AD -  VOTUPORANGA;VOTUPORANGA;capsad@santacasavotuporanga.com.br;FÁBIO RODRIGO GONCALVES DOS SANTOS;(17) 3423-.6343 / (17) 996137947
CAPS AD - ANDRADINA;ANDRADINA;caps@ciensp.sp.gov.br / rainynaia@hotmail.com;RAINY NAIA ALVES;(18) 3723-7287 / (18) 981210882
CAPS AD - RIO CLARO;RIO CLARO;capsadrc@gmail.com / saudemental.reab.rc@gmail.com;NATHALIA C. G. DE ALMEIDA RODRIGUES;(19) 3525-.7204 / (19) 35221421
CAPS AD - ARARAQUARA;ARARAQUARA;capsad@araraquara.sp.gov.br;STELLA GLENIA TOSTES DIAS DE FIGUEIREDO;(16) 33223329 / (16) 33222652
CAPS AD - BAURU;BAURU;valeriagimenes@bauru.sp.gov.br;VALÉRIA GIMENES - COORDENAÇĂO;(14)3227-.3287/ (14) 32273788
CAPS AD - BEBEDOURO;BEBEDOURO;dms.asocialcaps@bebedouro.sp.gov.br / caps@bebedouro.sp.gov.br;CATIA MEIRA LEITE - COORDENADORA DA SAÚDE MENTAL;(17) 33448147
CAPS AD - CAÇAPAVA;CAÇAPAVA;caps.saude@cacapava.sp.gov.br;FÁBIO ALEXANDRE GOMES - COORDENAÇĂO ;(12) 36553219 / (12) 997375494
CAPS AD - CATANDUVA;CATANDUVA;capsad@catanduva.sp.gov.br;APARECIDA LUCIA PEREIRA DOS REIS - : ENFERMEIRA RESPONSÁVEL TÉCNICA;(17) 30412265
CAPS AD - DRACENA;DRACENA;sms.caps@dracena.sp.gov.br;MARAISA FERNANDES;(18) 38224950
CAPS AD - FRANCO DA ROCHA;FRANCO DA ROCHA;capsadfr@gmail.com;ELAINA APARECIDA SANTOS SILVA  - GERENTE/PSICOLOGA;(11) 48001318
CAPS AD - GUARUJÁ;GUARUJÁ;capsadguaruja@gmail.com;MARIANA BRITTO - PSICOLOGA E SUPERVISORA TECNICA;(13) 33423202 / (13) 99162152
CAPS AD - ITAPECERICA DA SERRA;ITAPECERICA DA SERRA;capsad.itapecerica@hotmail.com / baranek.thaina@gmail.com ;THAINA MARIA BARANEK;(11) 89164190 / (11) 46673600
CAPS AD - JAÚ;JAÚ;caps.saude@jau.sp.gov.br;ANDRESSA FADONI DA SILVA;(14) 99849656 / (14) 36265527
CAPS AD - LIMEIRA;LIMEIRA;saude.capsad@limeira.sp.gov.br;PEDRO HENRIQUE PIROVANI RODRIGUES;(19) 34434428 /(19) 999944345
CAPS AD - LINS;LINS;capsad@lins.sp.gov.br;MARIANA DE OLIVEIRA TREVISI;(14) 997790121 / (14) 35234260
CAPS AD - MORUNGABA;MORUNGABA;capsmorungaba.coordenacao@gmail.com / saudeemocionalmorungaba@gmail.com;PATRICIA MARIA - PSICOLOGA COORDENADORA ;(11) 40141176 / (11) 943621999 
CAPS AD - PIRASSUNUNGA;PIRASSUNUNGA;capsad@pirassununga.sp.gov.br;NAIRA LIVIA DENOFRE;(19) 35628565
CAPS AD - PRAIA GRANDE;PRAIA GRANDE;capsad@praiagrande.sp.gov.br;SYLVANA DE ALMEIDA;(13) 34946333 / (13) 34965160
CAPS AD - PROGRAMA CUIDAR;ITANHAÉM;elizabeth.krajner@itanhaem.sp.gov.br;ELIZABETH KRAJNER;(13) 34275125
CAPS AD - RIBEIRAO PIRES;RIBEIRAO PIRES;capsadribeiraopires@gmail.com;FERNANDA SOUZA E ARAUJO;(11) 48274509 / (11) 975088501
CAPS AD - MATĂO;MATĂO;capsad@matao.sp.gov.br;SEM INFORMAÇĂO;(16) 33849328 / (16) 33849303
CAPS AD - SĂO CARLOS;SĂO CARLOS;capsadsaocarlos@gmail.com / karina.lourenco@saocarlos.sp.gov.br;KARINA BISPO LOURENÇO;(16) 33743388 / (16) 33742264
CAPS AD -IBITINGA;IBITINGA;capsad.ibitinga@gmail.com;TALITA R. VALLE DE CARVALHO;(16) 33429576
CAPS AD - SANTA BÁRBARA D`OESTE;SANTA BÁRBARA D`OESTE;capsad.saude@santabarbara.sp.gov.br;DENISE SALES;(19) 34581799 / (19) 974225008
CAPS AD - SĂO CAETANO DO SUL;SĂO CAETANO DO SUL;caps-ad@saocaetanodosul.sp.gov.br;ANDRESSA;(11) 42337540
CAPS AD - SĂO SEBASTIĂO;SĂO SEBASTIĂO;capsad.fspss@gmail.com / carlotabr@hotmail.com;CARLA BRASIL;(12) 38913416 / (12) 997222551
CAPS AD - TABOĂO DA SERRA;TABOĂO DA SERRA;capsad@taboaodaserra.sp.gov.br / rafael.goes@ts.sp.gov.br;RAFAEL DALGE DE GOES;(11) 47885608
CAPS AD - TATUÍ;TATUÍ;caps2@tatui.sp.gov.br;CINTÍA SCAGLIONI - DIRETORA RAPS;(15) 32514370 / (15) 997711098
CAPS AD AMERICANA;AMERICANA;capsad@saudeamericana.com.br;TADEU DONIZETE LEITE;(19) 1934057595
CAPS AD ARARAS;ARARAS;capsadararas@gmail.com;EDNA / ADRIANA / VINICIUS;(19) 35420905
CAPS AD BOITUVA;BOITUVA;capsad@boituva.sp.gov.br;ELIENAI DE FARIAS GAMA SIQUEIRA;(15) 32681516 / (11) 98537770
CAPS AD CUBATĂO;CUBATĂO;capsadcubatao@hotmail.com;MAURO RAMOS;(13) 33726524
CAPS AD DE BRAGANÇA PAULISTA;BRAGANÇA PAULISTA;capsadbp@gmail.com;ANDRÉIA APARECIDA DANTAS DE VASCONCELLOS (ENFERMEIRA RESPONSÁVEL PELO SERVIÇO);(11) 46031516
CAPS AD- GUACIRA CAMPOS RODRIGUES - ITAPETININGA;ITAPETININGA;capsad.itapetininga@gmail.com;NÁDIA CRISTINA PROENÇA DOS SANTOS -ASSISTENTE  SOCIAL;(15) 32727277 / (15) 981680492
CAPS AD HELENA VIRGINIA - JARINU;JARINU;sm@jarinu.sp.gov.br; RITA APARECIDA PIMENTA PASSARETTI  - ENFERMEIRA COORDENADORA;(11) 40161649
CAPS AD II - ARAÇATUBA;ARAÇATUBA/SP;admcapsad@ascbeneditafernandes.com.br;LUIS ANTONIO LULLO;(18) 36213463
CAPS AD II - SĂO VICENTE;SĂO VICENTE;capsad@saudesaovicente.sp.gov.br;RICHARD DAVID KLOCKNER;(13) 34639557
CAPS AD III - ITAPEVI;ITAPEVI;capsad3itapevi@gmail.com;RENATO YURI FIRMINO;(11) 47742983 / (11) 974869512
CAPS AD III - SĂO BERNARDO DO CAMPO;SĂO BERNARDO DO CAMPO;sheila.almendro@saobernardo.sp.gov.br;SHEILA ALMENDRO - COORDENADORA ;(11) 26306519 / (11) 26306531
CAPS AD III INDAIATUBA;INDAIATUBA;saude.caps@indaiatuba.sp.gov.br;MYCHELE CAPELLINI TAGUCHI;(19) 38167878
CAPS AD III MOCOCA;MOCOCA;capsadmococa@hotmail.com;LUSZ NICANOR BESTIOL JUNIOR - DIRETOR DE SAÚDE ;(19) 36567537
CAPS AD III SUL - ENGENHEIRO SCHIMIDT - SĂO JOSÉ DO RIO PRETO;SĂO JOSÉ DO RIO PRETO;sms.capsad3@riopreto.sp.gov.br;LETICIA CONTIERO VIEIRA;(17) 38081596
CAPS AD ITAPEVA;ITAPEVA;caps.ad_saude@itapeva.sp.gov.br;VANESSA PINN - COORDENADORA ;(15) 35211260 / (15) 991252680
CAPS AD ITAPIRA;ITAPIRA;capsaditapira@gmail.com;JOSÉ ANTÔNIO ZAGO;(19) 38132327
CAPS AD ITATIBA;ITATIBA;capsad@unidadesaude.itatiba.sp.gov.br;ROSÂNGELA SANTOS OLIVEIRA;(11) 45943557
CAPS AD LEME;LEME SP;capsad@leme.sp.gov.br;CAROLINA PEREIRA BERSAN;(19) 35543526
CAPS AD MAIRIPORĂ;MAIRIPORĂ;sms.capsad@mairipora.sp.gov.br;ANA SIDNÉIA RIBEIRO SILVA;(11) 44193790
CAPS AD OURINHOS;OURINHOS;capsad.ourinhos@gmail.com;VANESSA APARECIDA GOUVEA DA SILVA;(14) 33263069 / (14) 99635490
CAPS AD POÁ;POÁ;saudemental@poa.sp.gov.br;SUSI GONÇALVES;(11) 46360732
CAPS AD PROJETO TRILHAR;CARAPICUÍBA SP;coord.capsad@carapicuiba.sp.gov.br / emiliahato@gmailcom;EMILIA Y. HATO DE ALMEIDA;(11) 41843745 / (11) 996739276
CAPS AD SALTO;SALTO;caps_ad@salto.sp.gov.br / marcia.enf@salto.sp.gov.br;MÁRCIA RIBEIRO ARRUDA;(11) 48408315 / (11) 977738567
CAPS AD VIDA NOVA;SĂO JOĂO DA BOA VISTA;saude_capsad@saojoao.sp.gov.br;ADRIANA MARIA ZONTA;(19) 36318570
CAPS -BURI;BURI;capsburi@hotmail.com;TATIANA;(15) 1535461812 / (15) 996040950
CAPS CAPĂO BONITO;CAPĂO BONITO;asmentalcirandascb@gmail.com / alinevendrami@yahoo.com.br;ALINE VENDRAMI;(15) 99741585 / (15) 35422005
CAPS GUAPIARA;GUAPIARA;capsguapiara2017@gmail.com;JOSE ROBERTO DE OLIVEIRA;(15) 35477609 / (15) 997742527
CAPS I- BERTIOGA;BERTIOGA;caps.bertioga@gmail.com;VANESSA XAVIER OLIVEIRA;(13) 33132026 / (13) 33132065
CAPS I -  AGUDOS;AGUDOS;caps@agudos.sp.gov.br;ANA CAROLINA V. DE O. BARBOSA, COORDENADORA/PSICÓLOGA;(14) 32610507
CAPS I -  IGARAÇU DO TIETĘ;IGARAÇU DO TIETĘ;caps@igaracudotiete.sp.gov.br;MARIA AUGUSTA FANTINATI;(14) 36448494
CAPS I  - NOVO HORIZONTE;NOVO HORIZONTE;capsnh@novohorizonte.sp.gov.br;ÉRIKA MG TEIXEIRA;(17) 35432512
CAPS I -  PERUIBE;PERUIBE;caps@peruibe2.sp.gov.br;JULIANA OLIVETTI GUZMAN NASCIMENTO;(13) 34513044
CAPS I  - BORBOREMA;BORBOREMA;caps@borborema.sp.gov.br;CAMILA ZUTIN GANZAROLLI;(16) 32661263 / (16) 996086273
CAPS I  -CASA BRANCA;CASA BRANCA;saudemental@casabranca.sp.gov.br;ALFREDO - DIRETOR ;(19) 36712428
CAPS I - AGUAI ;AGUAI;saudemental@aguai.sp.gov.br ;MARTA CRISTINA PERINA PINTO GERENTE;(19) 36537176 / (19) 36537174
CAPS I - ARAÇARIGUAMA;ARAÇARIGUAMA;caps@aracariguama.sp.gov.br / marciaguerreira1@hotmail.com;MARCIA APARECIDA DO CARMO DE OLIVEIRA;(11) 41364903 / (48) 984162776
CAPS I - PINTANGUEIRAS;PITANGUEIRAS;caps.smspitangueiras@hotmail.com;MATEUS APARECIDO CARDOSO SANTOS;(16) 988188178
CAPS I - BARRA BONITA;BARRA BONITA SP;csmentalbarra@gmail.com;ELIZANDRA CRISTINA DE LUCCI ALMEIDA;(14) 36414163
CAPS I - BATATAIS;BATATAIS;capsbatatais@yahoo.com.br;CAMILA VIANNA DUARTE E LIDIANE VASCONCELOS BATISTA DE OLIVEIRA - ASSISTENTE SOCIAL;(16) 36629334 / (16) 36628333
CAPS I - CAPELA DO ALTO;CAPELA DO ALTO;caps1.saude@capeladoalto.sp.gov.br;BÁRBARA CAROLINE DE MORAES COSTA - ENFERMEIRA ;(15) 32672017 / (15) 99735869
CAPS I - DOIS CÓRREGOS;DOIS CÓRREGOS;caps@doiscorregos.sp.gov.br;CINTIA RENATA - COORDENADORA;(14) 36521999
CAPS I - DOM QUIXOTE - CAJATI;CAJATI;capscajati@outlook.com;MARLY RYOKO AMAYA (ENFERMEIRA);(13) 38541643
CAPS I - IGUAPE;IGUAPE;caps1igp@hotmail.com;JULIANA PEREIRA ROSA - ASSISTENTE SOCIAL;(13) 982252513 / (13) 38414687
CAPS I - LENÇOIS PAULISTA;LENÇOIS PAULISTA;saude.mental@lencoispaulista.sp.gov.br;CRISTINA APARECIDA MORRONE ;(14) 32636095 / (14) 23647202
CAPS I  LUCELIA;LUCELIA SP;capslucelia@gmail.com;DEBORA OLIVEIRA DE CARVALHO;(18) 35511840
CAPS I - MACATUBA;MACATUBA;caps@macatuba.sp.gov.br;SIMONE APARECIDA RIBEIRO;(14) 32681692 / (14) 998076925
CAPS I - MENTES BRILHANTES - CORDEIRÓPOLIS;CORDEIRÓPOLIS;caps.saudecordeiro@uol.com.br;MARISA APARECIDA DIORIO;(19) 35468235
CAPS I - PARANAPANEMA;PARANAPANEMA;caps.saude@paranapanema.sp.gov.br;ELIANE FORTES;(14) 37131468
CAPS I - PEDERNEIRAS;PEDERNEIRAS;psilveira@pederneiras.sp.gov.br;PAULA DE FONTES SILVEIRA;(14) 32844442 / (14) 996820112
CAPS I - PORTO FERREIRA;PORTO FERREIRA;capsportoferreira@gmail.com;ADENILSON ALEXANDRE ANDRADE SILVA;(19) 35854790 / (19) 993891392
CAPS I - REGISTRO;REGISTRO;sjbmerfa@hotmail.com;STTEFANO JUAN BOMFIM MERFA - COORDENADOR TÉCNICO EM SAÚDE MENTAL;(13) 38223244
CAPS I - RUA JOSÉ LEONEL PUPO, Nş783, PONTAL;PONTAL;saudementalpontal@gmail.com;MARIA TEREZA BERSANI STRABELLI;(16) 39537132
CAPS I - RUA NOVE DE JULHO 1403 SANTA CASA - OLIMPIA;OLIMPIA;saudemental@olimpia.sp.gov.br;RAQUEL OLIVEIRA;(17) 32794200
CAPS I - RUACORONEL PIRES PENTEADO, 600 - MONTE ALTO;MONTE ALTO;caps@montealto.sp.gov.br;JANDERSON ANTENOR DO NASCIMENTO;(16) 32432366
CAPS I - TANABI - RUA: FRANCISCO JOSÉ VARGAS Nş 454 - CENTRO - TANABI/SP;TANABI;capstanabi@gmail.com; DAIANA CARLA R DA S C BARBOSA COORDENADORA;(17) 997589313 / (17) 32721069
CAPS I - TAPIRATIBA;TAPIRITIBA;caps.tapiratiba@gmail.com;MONICA APARECIDA - ENFERMAGEM ;(19) 36577186 / (19) 999856822
CAPS I - TARUMĂ;TARUMĂ;caps@taruma.sp.gov.br; ARACELLI EDUARDA DE SOUZA BENTO;(18) 996325162 / (18) 33734723
"CAPS I ""CUIDAR"" - RUA SĂO JOSÉ, Nş 162, CENTRO - SANTO ANTÔNIO DA POSSE";SANTO ANTÔNIO DE POSSE;capscuidarsaposse@gmail.com;CARLOS EDUARDO JULIO MORELLO;(19) 38962240
CAPS I BARIRI;BARIRI;caps@bariri.sp.gov.br;ELIANA GUERRA;(14) 36628002
CAPS I ESPERANÇA -  APIAÍ;APIAÍ;caps@apiai.sp.gov.br;FRANCISCA HELENA NUNES - COORDENADORA E ARTICULADORA DE SAÚDE MENTAL ;(15) 35521557 / (15) 998017488
CAPS I POMPEIA;POMPEIA SP;josestefano.destro@dhspompeia.sp.gov.br / regiane.oliveira@pompeia.sp.gov.br;JOSÉ STEFANO;(14) 34052805
CAPS I -TECENDO REDES -ELDORADO;ELDORADO;rapseldorado@gmail.com;DAYANE APARECIDA DE MORAES - ASSISTENTE SOCIAL;(13) 38711297
CAPS II - AV. CAPITĂO JOSÉ CAMARGO DE LIMA, Nş353 - TAQUARITINGA;TAQUARITINGA;caps@taquaritinga.sp.gov.br;IRENIDES DE FATIMA CARDOSO FERNANDES;(16) 32536033 / (16) 997007024
CAPS II - AVARÉ;AVARÉ;caps2@avare.sp.gov.br;THAIS;(14) 37310643
CAPS II - AVENIDA FLORENCIO TERRA, Nş50;ITÁPOLIS;capsitapolis@gmail.com;ALINE L. PAVAN ZECHI;(16) 33625080
CAPS II - RUA SANTO ADNRÉ, Nş608, NOVA JABOTICABAL, JABOTICABAL;JABOTICABAL;caps@jaboticabal.sp.gov.br;THAÍS SOUZA PAULILLO;(16) 32037919 / (16) 32035674
CAPS II - SALTO DE PIRAPORA;SALTO DE PIRAPORA; saudemental@saltodepirapora.sp.gov.br;ANA PAULA LOPES QUEIROZ;(15) 32922002
CAPS II - TUPA;TUPA;capstup@outlook.com;RENATO RIBAS ;(14) 34912311
CAPS II - VALINHOS;VALINHOS;coordsaudemental@valinhos.sp.gov.br;SILVIA MARIA LOPES;(19) 38292524
CAPS II IBIÚNA;IBIUNA SP;saudemental.ibiuna@gmail.com;MARIA CONSUELO SOARES;(15) 32483022
CAPS III - 18 DE MAIO - RUA M 9, 66, JARDIM CHERVESON CEP 13503260;RIO CLARO;caps3rc@gmail.com / saudemental.reab.rc@gmail.com;NATHALIA C. G. DE ALMEIDA RODRIGUES;(19) 35221421 / (19) 981704721
CAPS III DE NOVAIS - RUA MAJOR JOĂO BATISTA NOVAIS, 466;NOVAIS;saude@novais.sp.gov.br;DEISE CLAUDIA ZANINI ALONSO;(17) 35611180 / (17) 35611181
CAPS MIRANDÓPOLIS;MIRANDÓPOLIS;caps@mirandopolis.sp.gov.br;SUELI DA SILVA NASCIMENTO;(18) 991456510 / (18) 37015194
CAPS NOVA ODESSA;NOVA ODESSA;caps@novaodessa.sp.gov.br;MARINA FOUREAUX BARBOSA;(19) 34766051
CAPS PARAIBUNA;PARAIBUNA-SP;saude.caps@paraibuna.sp.gov.br;ROSELI CORREA DOS SANTOS;(12) 39742130
CAPS PIEDADE;PIEDADE;caps.social@piedade.sp.gov.br / harlene.assumpcao@gmail.com;HARLENE;(15) 974016832 / (15) 33442222
CAPS REDENÇĂO;SĂO PAULO;janaina.moura@iabas.org.br;JANAINA MOURA;(11) 989329488
CAPS RENASCER - CESÁRIO LANGE;CESÁRIO LANGE;coordenacaosaudemental@cesariolange.sp.gov.br;NATHALIA ALVES DOS SANTOS - PSICOLOGA / COORDENADORA ;(15) 32468057
CAPS-AD NORTE VILA CLEMENTINA -  SĂO JOSÉ DO RIO PRETO;SĂO JOSÉ DO RIO PRETO;sms.capsadnorte@riopreto.sp.gov.br;RAFAEL ;(17) 32240728
CASA PAI - ILHA SOLTEIRA;ILHA SOLTEIRA/SP;casapai.isa@gmail.com;JACKELINE PRICILLLA M. DOS SANTOS;(18) 37434334
CEM - RUA JOĂO ALVES DELFINO, Nş419, CENTRO;RIBEIRĂO BONITO;saude@ribeiraobonito.sp.gov.br;VIVIAN CRISTINA CERAZI;(16) 33441488
CENTRO DE ATENÇĂO PSICOSSOCIAL - CAPS I SANTA FÉ DO SUL;SANTA FÉ DO SUL;caps@santafedosul.sp.gov.br;ALEXANDRA RAFAELA COSTA SCHIAVINATO COORDENADORA;(17) 36410797
CENTRO DE ATENÇĂO PSICOSSOCIAL - CAPSI;MORRO AGUDO;capsmorroagudosp@gmail.com;CLEYTON DA SILVA OLIVEIRA - ASSISTENTE SOCIAL ;(16) 38516370
"CENTRO DE ATENÇĂO PSICOSSOCIAL ""DR. TAKEO KIMURA""";BASTOS SP;caps@bastos.sp.gov.br;;(14) 34781600
CENTRO DE ATENÇĂO PSICOSSOCIAL I - CAPS I - SĂO MIGUEL ARCANJO;SĂO MIGUEL ARCANJO;centro.psicossocialsma@gmail.com;MARIA APARECIDA FOGAÇA ;(15) 32794640
CENTRO DE ESPECIALIDADES WAGNER LUIS DA SILVA - SAÚDE MENTAL PIRANGI;PIRANGI;ament@pirangi.sp.gov.br;IZILDA CASSIA - ASSISTENTE SOCIAL ;(17) 33861611
CENTRO DE SAÚDE - CAJOBI;CAJOBI;smsaude@cajobi.sp.gov.br;LUCIANA CECILIA BATISTA - COORDENADORA DE DEPARTAMENTO ;(17) 988067046 / (17) 35633443
CENTRO DE SAÚDE BENEDITO DE SOUZA - PRATANIA;PRATANIA;naircraspratania@gmail.com;NAIR OLIVEIRA DE CARVALHO- ASSISTENTE SOCIAL;(14) 38441240 / (14) 997921448
CENTRO DE SAÚDE DE BÁLSAMO;BÁLSAMO;coordenadoriasaudebalsamo@hotmail.com;MANOEL JOSÉ DA SILVA - DIRETOR MUNICIPAL DE SAÚDE;(17) 32641616 / (17) 32641320
CENTRO DE SAÚDE DE CAMPINA DO MONTE ALEGRE;CAMPINA DO MONTE ALEGRE ;saude@campinadomontealegre.sp.gov.br;ALESSANDRA DA CRUZ TEOTONIO COORDENADORA DE SAÚDE ;(15) 32561338
CENTRO DE SAÚDE DE PALESTINA;PALESTINA;saude@palestina.sp.gov.br;DEILHE CRISTINA DOS SANTOS  ASSISTENTE SOCIAL CRESS: 67 204 ;(17) 32933230 / (17) 991037307
CENTRO DE SAUDE DE PARAPUĂ;PARAPUĂ;agendamento.parapua.sp@gmail.com;ANA CLAUDIA NEVES DOS SANTOS;(18) 35821623 / (18) 99633770
CENTRO DE SAÚDE ELISIÁRIO;ELISIÁRIO;cselisiario@gmail.com;RENATA FERNANDES NADI - COORDENADORA ;(17) 35291207 / (17) 997770009
CENTRO DE SAUDE II DR. JOSÉ CARQUIJO - AV. TIRADENTES 934 - SANTA CRUZ DO RIO PARDO;SANTA CRUZ DO RIO PARDO;saudementalscrp@gmail.com ;KARLA AP. PINHEIRO PEDRO;(14) 33721551 / (14) 99648854
CENTRO DE SAÚDE III - ARY TOLEDO SILVA  ;MARIÁPOLIS;mariapolissaude@gmail.com;CRISTINA PENHA - GERENTE;(18) 35861234 / (18) 35861136
CENTRO DE SAÚDE III - TRES FRONTEIRA;TRĘS FRONTEIRAS;saude@tresfronteiras.sp.gov.br;SUZENETE REGNA DE CARLIS;(17) 36911357
CENTRO DE SAÚDE III - AV.OLAVO BILAC, Nş791, CENTRO;RUBINÉIA;smsrubineia@gmail.com;GILBERTO JOSÉ BELLOTO;(17) 36611104 / (17) 36611399
CENTRO DE SAÚDE III - PATROCÍNIO PAULISTA;PATROCÍNIO PAULISTA;medicamentos@patrociniopaulista.sp.gov.br;FABIANA BURGO RODRIGUES ;(16) 982067076 / (16) 31451526
CENTRO DE SAUDE III - RUA :RIO DE JANEIRO N° 595 NIPOĂ /SP;NIPOĂ;regulacao@nipoa.sp.gov.br;SABRINA ELAINE DAS G. BIANCHI MARQUESI  - COORDENADORA ;(17) 32779010
CENTRO DE SAÚDE III - RUA ANTONIO FACINCANI, Nş385, CENTRO;SANTA CLARA D'OESTE;saude@santaclaradoeste.sp.gov.br;MARIANE DE FÁTIMA FAVALESSA;(17) 36631109 / (17) 36631456
CENTRO DE SAUDE III - RUA EPISCOPAL, Nş1070, TABATINGA;TABATINGA;saude@tabatinga.sp.gov.br;DANIELA DE CASSIA ABREU;(16) 33219500
CENTRO DE SAÚDE III - RUA QUINCAS MOURA, Nş135, RINCĂO;RINCĂO;diretoria-saude@rincao.gov.br;ARADRINA RAIL DE OLIVEIRA;(16) 33959200
"CENTRO DE SAUDE III - RUA THEODOMIRO ALVES CORREA, 71 - SANTA RITA D""OESTE";"SANTA RITA D""OESTE";saude@santaritadoeste.sp.gov.br;LEONARDO RODRIGO SANGALETI;(17) 36431127 / (17) 36431242
CENTRO DE SAÚDE III ARANDU;ARANDU SP;diretoriasaudearandu@gmail.com;MARIA EDUARDA;(14) 37661133 / (14) 37661300
CENTRO DE SAÚDE III NELSON DO VALLE - RUA DEPUTADO CASTRO DE CARVALHO, Nş333, CENTRO;ALVARES FLORENCE;saudealvares@hotmail.com;GLAUCIA WAIDEMAN FERNANDES;(17) 34861149 / (17) 34861193
CENTRO DE SAÚDE LAURA DO VAL CERVI - TERRA ROXA;TERRA ROXA;assistenciasocialsaudetr@gmail.com;SIMONE VALÉRIA QUINÁRIA JORGE - DIRETORIA MUNICIPAL DE SAÚDE;(17) 33951144
CENTRO DE SAÚDE ROSA BORANGA RIBEIRO - TAGUAÍ;TAGUAÍ;csrosaboranga@taguai.sp.gov.br / social.saude@taguai.sp.gov.br;CARLOS RODOLFO RODRIGUES;(14) 33869030
CENTRO DE SAÚDE SEBASTIĂO RIBEIRO DO VALE -  RUA FLORIANO PEIXOTO, 205 CENTRO - CACONDE;CACONDE ;cs2@pmcaconde.sp.gov.br;GERALDO MARQUES - DIRETOR DE SAÚDE ;(19) 36627100
CENTRO MÉDICO JANUÁRIO THEODORO DE SOUZA - RUA PEREIRA BARRETO, 925, JARDIM MIRIAM;PRADÓPOLIS;atencaobasica@pradopolis.sp.gov.br / sms@pradopolis.sp.gov.br;DAIANA PATRICIA MARCHETTI PIO;(16) 39819502
CMS RUY DE CAMARGO - AL.GULLA, Nş725, GAVIĂO PEIXOTO;GAVIĂO PEIXOTO;sec.saude@gaviaopeixoto.sp.gov.br / amanda-evangelista2011@hotmail.com;AMANDA EVANGELISTA E ANTONIO MARCOS GULLA ;(16) 33388767 / (16) 991596161
COORDENADORIA CAMPINAS;CAMPINAS;smpdc.prevdrogas@campinas.sp.gov.br;CPUD - MARILDA;(19) 32829209 / (19) 32123730
COORDENADORIA DE SAÚDE - RUA LAZARO SOARES DIAS N° 570;MENDONÇA;saudemendonca@mendonca.sp.gov.br; MARTA ALVES DE SOUZA ;(17) 32481220
COORDENADORIA ESTADUAL DE POLÍTICAS SOBRE DROGA (COED);SĂO PAULO;talita.passos@sp.gov.br;TALITA DA CRUZ PASSOS;(11) 27638332
CORDENADORIA MUNICIPAL DE SAÚDE - POTIRENDABA;POTIRENDABA;saude@potirendaba.sp.gov.br;ANDREIA;(17) 38279315 - (17) 997466589
CRAS NOVA CAMPINA;NOVA CAMPINA;social.febract@gmail.com;DEBORA ;(15) 997568670 / (15) 35351166
CRAS RIBEIRĂO BRANCO;RIBEIRĂO BRANCO;cras@ribeiraobranco.gov.sp.br / elisilviadealmeida@yahoo.com.br;ELI SILVIA DE ALMEIDA;(15) 997968567 / (15) 35531163
CRATOD;SĂO PAULO;social.cratod@gmail.com;RAQUEL  ;(11) 33294488
CRATOD SOCIAL - CENA DE USO;SĂO PAULO;jackson.santana@cratod.spdm.org.br;JACKSON SANTANA;(11) 95437454
CREAS - SĂO JOAQUIM DA BARRA;SĂO JOAQUIM DA BARRA;assistenciasocial@saojoaquimdabarra.sp.gov.br;MARISTELA FLORA BAPTISTTUCI FERREIRA;(16) 38182755
CREAS - TABOĂO DA SERRA;TABOĂO DA SERRA;social.febract@gmail.com;NICE;(11) 41391105
CREAS CENTRO - JUQUITIBA;JUQUITIBA;creascentro@juquitiba.sp.gov.br;MARIA SALETE DA SILVA;(11) 46814227
CRRAM - CENTRO DE REABILITAÇĂO REEDUCAÇĂO E APOIO MUTIPROFISSIONAL  ;ESPIRITO SANTO DO TURVO;crram@espiritosantodoturvo.sp.gov.br; ALIETE MARIA - COORDENADORA CRRAM ;(14) 33751042
CS II - RUA CATANDUVA, 123 - URÂNIA;URÂNIA;secretaria.saude@urania.sp.gov.br;ALESSANDRA DIAS MARIN;(17) 36341398
CS III DR.ANTONIO VIDAL RUA: FERRENCIO ZONEVELHO, 436 FLOREAL;FLOREAL;csfloreal@hotmail.com; MICHELE SILVA- A. SOCIAL ;(17) 38471173 / (17) 99758329
CSII DR HÉLIO LISCIOTTO RUA : OSVALDO CRUZ Nş 745 CENTRO MONTE APRAZIVEL;MONTE APRAZIVEL;saudemonteaprazivel@hotmail.com;JULIANA MARTINS ACESSORA MUNICIPAL DE SAÚDE ;(17) 32959760
DEPARTAMENTO DE SAÚDE - JACUPIRANGA;JACUPIRANGA;socialsaude@jacupiranga.sp.gov.br;KELLY CRISTINA DE ALMEIDA;(13) 38646165
DEPARTAMENTO DE SAÚDE - PALMARES PAULISTA;PALMARES PAULISTA;ubs@palmarespaulista.sp.gov.br;LEIA PAULA - DIRETORA ;(17) 35871164
DEPARTAMENTO DE SAÚDE - PREFEITURA DE ITARIRI;ITARIRI;dsi@itariri.sp.gov.br;ARIANE LOURDES MOREIRA DE OLIVEIRA;(13) 34188000 / (13) 996535401
DEPARTAMENTO DE SAÚDE - SANTO ANTONIO DO ARACANGUÁ;SANTO ANTONIO DO ARACANGUÁ;raira_silos19@hotmail.com;RAIRA DA SILVA SILOS;(18) 36399595
DEPARTAMENTO DESENVOLVIMENTO SOCIAL - ILHA COMPRIDA;ILHA COMPRIDA;mantovani.marcia@yahoo.com.br;MÁRCIA CRISTINA MANTOVANI;(13) 38427023 / (13) 981735117
DEPARTAMENTO MUNICIPAL DE SAÚDE - RUA DEMETRIO CALFAT, Nş145, CENTRO, DOURADO;DOURADO;saude@dourado.sp.gov.br / agendamentodourado@gmail.com;LUANA MATULO DO AMARAL;(16) 33453087
DEPARTAMENTO MUNICIPAL DE SAÚDE DE GUAÍRA;GUAÍRA;capsmarcosferreira@yahoo.com.br;GABRIEL OU ADRIANA;(17) 99785142 / (17) 82042899
DEPARTAMENTO MUNICIPAL DE SAÚDE DE ITAJOBI;ITAJOBI;saudeitajobi@gmail.com;LUCIANA RENATA MOREIRA ;(17) 35469028
DEPARTAMENTO MUNICIPAL DE SAÚDE DE TORRINHA;TORRINHA SP;saude@torrinha.sp.gov.br;KARINA TEDESCHI;(14) 36569600 / (14) 996394023
DIRETORIA MUNICIPAL DE ASSISTĘNCIA SOCIAL - BILAC;BILAC;social.febract@gmail.com;ANTONIA MARINHO NAVACCHIO;(18) 36591639
DIRETORIA MUNICIPAL DE ASSISTĘNCIA SOCIAL - RINCĂO;RINCĂO;rincaosocial@gmail.com;SILVANI SOUZA ALVES;(16) 33951169 / (16) 997124992
DIRETORIA MUNICIPAL DE HIGIENE E SAÚDE DE OCAUÇU;OCAUÇU; saude@ocaucu.sp.gov.br;RAUDENIZ MANSIP PEREZ;(14) 34751205 / (14) 34751336
DIRETORIA MUNICIPAL DE RIBEIRĂO GRANDE;RIBEIRĂO GRANDE;admsaude@ribeiraogrande.sp.gov.br;DANIELE APARECIDA DE LARA;(15) 997394264 / (15) 35441109
DIRETORIA MUNICIPAL DE SAÚDE - PRATÂNIA;PRATANIA;dms@pratania.sp.gov.br;LUCAS;(14) 38448210 / (14) 38448214
DIRETORIA MUNICIPAL DE SAÚDE DE TAQUARIVAÍ;TAQUARIVAÍ;saude@taquarivai.sp.gov.br / cecilia_associal@hotmail.com;CECÍLIA APARECIDA FERREIRA;(15) 35841024 / (15) 997199244
DRS III - ARARAQUARA;ARARAQUARA;drs3-regulacao@saude.sp.gov.br;ANGELA RAQUEL DE OLIVEIRA SCHIAVON;(16) 33011885 / (16) 992912073
DRS IV - BAIXADA SANTISTA;SANTOS;drsiv-nr@saude.sp.gov.br / ivetebio@hotmail.com;IVETE FIALHO;(13) 32272030 / (13) 991163312
DRS V - BARRETOS;BARRETOS;drs5barretos.nr@gmail.com / drs5cartaorecomeco@gmail.com;FLAVIA CARDOSO DE SOUSA FREITAS CASTRO;(17) 33217359
DRS VI - BAURU;BAURU;namr.drs6.bauru@gmail.com;DECA;(14) 32350205
DRS VIII FRANCA;FRANCA;drs8-cdqs@saude.sp.gov.br;MARIA AUGUSTA DE QUEIROZ LIMONTE;(16) 992641108 / (16) 37134333
DRS XI - PRESIDENTE PRUDENTE;PRESIDENTE PRUDENTE;drs11-smental@saude.sp.gov.br;MARCIA BISSOLI;(18) 981277411 / (18) 32266732
DRS XII - REGISTRO;REGISTRO;drs12-smental@saude.sp.gov.br;ELZA DOMINGUE DE LIMA;(13) 38282934 / (15) 996636868
DRS XIII - RIBEIRĂO PRETO;RIBEIRĂO PRETO;drs13-saudemental@saude.sp.gov.br;MARIA LUCINEIA CARVALHAL RIBEIRO;(16) 999945663 / (16) 36074231
DRS XV -  SĂO JOSÉ DO RIO PRETO;SĂO JOSÉ DO RIO PRETO;drs13-saudemental@saude.sp.gov.br;MARIA LUCINEIA CARVALHAL RIBEIRO;(16) 999945663  / (16) 36074231
ESF  JOĂO RODRIGUES DE PROENÇA;NOVA CAMPINA;saudenovacampina@gmail.com;RENATA AP. NICACIO FORTES;(15) 35351147 / (15) 996181846
ESF - SETE BARRAS;SETE BARRAS;saudesb@gmail.com / fabiobernardo04@hotmail.com;FÁBIO BERNARDO DE SOUZA ;(13) 997368047
ESF ARGEMIRO PIMENTA - RUA ESPÍRITO SANTO, S/Nş, JD IGAPIRA;ALVARES FLORENCE;esfalvares@hotmail.com;GLÁUCIA WAIDEMAN FERNANDES;(17) 34861356
ESF BICO DO PATO - CAJATI;CAJATI;bicodopatoesf@gmail.com;VANIA MELO DE LIMA (ENFERMEIRA);(13) 38542303
ESF CAPITĂO BRAZ - CAJATI;CAJATI;esfcapitaobraz@gmail.com;SILVIA NARA SZOTT (ENFERMEIRA);(13) 38541013 / (13) 38541111
ESF SETOR LESTE - RUA JOSÉ DE PAULA DA SILVEIRA, 547 - NHANDEARA;NHANDEARA;esf.leste@nhandeara.sp.gov.br;TAÍS GARCIA JOSÉ DE CARVALHO JEPPEZ;(17) 34723028 / (17) 34723070
ESF VILA ANTUNES - CAJATI;CAJATI;andersonaacm@yahoo.com.br;ANDERSON AUGUSTO CARVALHO MOURA (ENFERMEIRO);(13) 99730084
ESF VILA TATU - CAJATI;CAJATI;vilatatuesf@gmail.com; ANGÉLICA DA SILVA HASHIZUME;(13) 99748063 / (13) 997480637
ESF/UBS RITA DE LOURDES RINALDI;SARUTAIÁ;esfsarutaia@gmail.com;SANDRA REGINA APARECIDA PEREIRA;(14) 33871188 / (14) 33332013
ESPAÇO TERAPEUTICO - RUA CAPITĂO JOSÉ ESTEVES, 888 - ALTINÓPOLIS;ALTINÓPOLIS;saudementalalti@gmail.com / fernandabar@hotmail.com;FERNANDA AP. BARBOSA;(16) 36659563
HOSPITAL MUNICIPAL MARIA ROSA CARDOSO RIBEIRĂO BRANCO;RIBEIRĂO BRANCO;psicossocialsauderb@gmail.com;LUCIANA CARDOSO;(15) 35531247 / (15) 996737937
NASF - NÚCLEO AMPLIADO DA SAÚDE DA FAMÍLIA - UCHOA;UCHOA;nasf@uchoa.sp.gov.br; ELIANA MARIA MORANTE DA SILVA  CARGO: ASSISTENTE SOCIAL ;(17) 31011613 / (17) 997834588
NASF - NÚCLEO DE ATENDIMENTO A SAÚDE DA FAMÍLIA -QUINTANA;QUINTANA/SP;diretoriadasaude@quintana.sp.gov.br;TATIANE BATISTA DA SILVA;(14) 34881740 / (14) 997025835
"NSM ""AURELIA ZAMPIERI DA SILVA"" - RUA ANTONIO ORLANDO GONÇALVES, Nş45, PARQUE MOGI, BARRINHA";BARRINHA;nsmbarrinha@hotmail.com;VERA LUCIA DA SILVA;(16) 39436223 / (16) 39435045
NÚCLEOS DE APOIO Ŕ SAÚDE DA FAMÍLIA (NASF) - PIACATU;PIACATU;nasf.piacatu@outlook.com / rcr.parrechio@terra.com.br;RENATA;(18) 36931148
PREFEITURA DE SĂO PAULO I - PROGRAMA REDENÇĂO;SĂO PAULO;adrianabrazao@prefeitura.sp.gov.br;ADRIANA BRAZĂO PILEGGI DE OLIVEIRA;(11) 20272230
PREFEITURA DE SĂO PAULO II - PROGRAMA REDENÇĂO;SĂO PAULO;claudialonghi@prefeitura.sp.gov.br;CLAUDIA LONGHI;(11) 20272230
PRONTO ATENDIMENTO DE SĂO LOURENÇO DA SERRA;SĂO LOURENÇO DA SERRA;saude2@saolourencodaserra.sp.gov.br;SEM INFORMAÇĂO;SEM INFORMAÇĂO
PRONTO ATENDIMENTO E MATERNIDADE MUNICIPAL DE ARUJA;ARUJÁ SP;saudemental@aruja.sp.gov.br;Roberto Carlos Beserra Barreto ;(11)46551550
PRONTO ATENDIMENTO REYNALDO GUERRA - CAJATI;CAJATI;saudemental.cajati@gmail.com / meryluizachaves@yahoo.com.br;MARIA LUIZA CHAVES FERREIRA A. SOCIAL;(13) 996609737 / (13) 38548500
REGULAÇĂO DE SAÚDE - PIRASSUNUNGA;PIRASSUNUNGA;regulacao.saude@pirassununga.sp.gov.br;ALINE CRISTINA BALTER - RESPONSAVEL PELA REGULAÇĂO ;(19) 35656472 / (19) 35656464
REGULAÇĂO DE SAÚDE IBIRÁ;IBIRÁ;regulacao@ibira.sp.gov.br;LETICIA FERNANDA DA COSTA XAVIER;(17) 35512054
REGULAÇĂO SAÚDE - BARRETOS;BARRETOS;centralregulacao@barretos.sp.gov.br;STELLA LISTINA DE SOUSA BORGES OLIVEIA- ADMINISTRATIVO;(19) 99103627 / (17) 99184485
SAÚDE MENTAL - RUA CORONEL LUIZ VENÂNCIO MARTINS, Nş767, CENTRO, SERRA AZUL;SERRA AZUL;a.socialsaude@serraazul.sp.gov.br;LUCIANA SANCHES CIRIERO;(16) 996293838 / (16) 39829120
SAÚDE MENTAL - SEVERÍNIA;SEVERÍNIA;saudementalseverinia@gmail.com;ELIANE APARECIDA - COORDENADORA ;(17) 38171470 / (17) 991023460
SAÚDE MENTAL - VISTA ALEGRE DO ALTO;VISTA ALEGRE DO ALTO;agendamento.saude@vistaalegredoalto.sp.gov.br;DANIELA CRISTINA NEVES SOARES - ADMINISTRATIVO;(16) 32778303 / (16) 98137899
SAÚDE MENTAL BIRIGUI;BIRIGUI;saude.mental@birigui.sp.gov.br;LORAINE E. CORTELAZZI BARBIERE;(18) 36426012 / (18) 36426077
SAÚDE MENTAL ENDEREÇO: RUA OLINDA RALSTON, 451 VILA FORMOSA -SĂO JOSÉ DO RIO PARDO - SP;SĂO JOSÉ DO RIO PARDO;saudemental@saojosedoriopardo.sp.gov.br;ISRAEL DOS REIS COORDENADOR ;(19) 36827886 / (19) 36827887
SECRETARIA DE ASSISTĘNCIA SOCIAL (CREAS E CRAS) - EMBU-GUAÇU;EMBU-GUAÇU;easembuguacu@gmail.com;SONIA/ LILIAN;(11) 46612437
SECRETARIA MUNICIPAL - RUA JOSÉ FAGLIARI N° 75 PQ INDUSTRIAL NOVA ALIANÇA;NOVA ALIANÇA;csalianca@terra.com.br;SILVIA RENATA PATINI ALVES ;(17) 38111208 / (17) 38111111
SECRETARIA MUNICIPAL DE ASSISTĘNCIA E DESENVOLVIMENTO SOCIAL - SĂO PAULO CAPITAL;SĂO PAULO;lsantossantos@prefeitura.sp.gov.br;SEM INFORMAÇĂO;SEM INFORMAÇĂO
SECRETARIA MUNICIPAL DE ASSISTĘNCIA SOCIAL - SEMAS RIBEIRĂO PRETO;RIBEIRĂO PRETO;programarecomeco@semas.pmrp.com.br;ANTONIO;(16) 988268999 / (16) 39314084
SECRETARIA MUNICIPAL DE PROMOÇĂO SOCIAL;ALVINLÂNDIA;social@alvinlandia.sp.gov.br ;THAIS DE ALMEIDA CANDELORO  - ASSIETENTE SOCIAL;(14) 997979320 / (14) 997979320
SECRETARIA MUNICIPAL DE SAÚDE  - GENERAL SALGADO;GENERAL SALGADO;brunarafaarchanjo@gmail.com / ubssalgado@yahoo.com.br; PAULO HENRIQUE SECRETARIO DE SAÚDE ;(17) 33511000
SECRETARIA MUNICIPAL DE SAÚDE - AV. CASTRO ALVES, Nş61, SOMENZARI, MARÍLIA;MARÍLIA;ss@marilia.sp.gov.br;SERGIO ANTONIO NECHAR;(14) 34026533
SECRETARIA MUNICIPAL DE SAÚDE - BERNARDINO DE CAMPOS;BERNARDINO DE CAMPOS;saude@bernardinodecampos.sp.gov.br;ROSANA;(14) 33463388 / (14) 33463360
SECRETARIA MUNICIPAL DE SAÚDE - CERQUEIRA CESAR;CERQUEIRA CESAR;saudecerqueira@yahoo.com.br;ELISANGELA DE FATIMA NOVAGA;(14) 37143488 / (14) 37143393
SECRETARIA MUNICIPAL DE SAÚDE - IGARAPAVA;IGARAPAVA;igarapavasaude@gmail.com;GISELE;(16) 31725801 / (16) 31723086
SECRETARIA MUNICIPAL DE SAÚDE - ITAÍ;ITAÍ;socialsaude@itai.sp.gov.br;ANA PAULA;(14) 37612500 / (14) 37611125
SECRETARIA MUNICIPAL DE SAÚDE - ITAPORANGA;ITAPORANGA;socialsaudeitapo@hotmail.com;FLAVIANE;(15) 35651511 / (15) 35653036
SECRETARIA MUNICIPAL DE SAÚDE - LAVRINHAS;LAVRINHAS;saude@lavrinhas.sp.gov.br;JOSÉ HENRIQUE ;(12) 31461110 - RAMAL 1122
SECRETARIA MUNICIPAL DE SAÚDE - RUA GABRIEL D'ANNUNZIO, Nş257, CENTRO;BALBINOS;ubsbalbinos@gmail.com;SELMA BAZILIO;(14) 35831394 / (14) 998941682
SECRETARIA MUNICIPAL DE SAÚDE - RUA:PROFESSOR TOLEDO S/N - ARAÇOIABA DA SERRA;ARAÇOIABA DA SERRA;secsaude@aracoiaba.sp.gov.br; ROSANA G. - ASSISTENTE SOCIAL ;(15) 996443319 / (15) 32811174
SECRETÁRIA MUNICIPAL DE SAÚDE - TAIUVA;TAIÚVA;hptaiuva@taiuva.sp.gov.br;MARIA DO CARMO VELHO - COORDENADORA;(16) 32461333 / (16) 32461448
SECRETARIA MUNICIPAL DE SAÚDE - VIRADOURO;VIRADOURO;social.smsviradouro@gmail.com;PATRICIA MINGATOS - ASSISTENTE SOCIAL ;(17) 33928844
SECRETARIA MUNICIPAL DE SAÚDE DE AREALVA;AREALVA SP;saude@arealva.sp.gov.br;DANI OU ROSE;(14) 32961129
SECRETARIA MUNICIPAL DE SAÚDE DE CASTILHO;CASTILHO/SP;saudementalcastilho@gmail.com;MARLENE DE FATIMA SORATTO ;(18) 37410707 / (18) 37419600
SECRETARIA MUNICIPAL DE SAÚDE DE EMBU-GUAÇU;EMBU-GUAÇU;reg.embuguacu@gmail.com;TANIA MORAES DE OLIVEIRA GODOI ;(11) 46649150 / (11) 993545615
SECRETARIA MUNICIPAL DE SAÚDE DE GUAIÇARA;GUAIÇARA;socialonedes@guaicara.sp.gov.br;ONEDES MENDES PORTELLA GONDO;(14) 997105630 / (14) 35472222
SECRETARIA MUNICIPAL DE SAÚDE DE JOSÉ BONIFÁCIO;JOSÉ BONIFÁCIO;smsaude@josebonifacio.sp.gov.br;ANDERSON GUSTAVO PENACHIOTTI - SECRETÁRIO MUNICIPAL DE SAÚDE ;(17) 32459240
SECRETARIA MUNICIPAL DE SAUDE DE JUQUITIBA;JUQUITIBA;dirsaude@juquitiba.sp.gov.br / aline_peruchi@hotmail.com;CLÉRIA ENFERMEIRA;(11) 46814226
SECRETARIA MUNICIPAL DE SAÚDE DE PINDORAMA - RUA 1ş DE MAIO, 400 CENTRO - PINDORAMA - SP;PINDORAMA;regulacao@pindorama.sp.gov.br ;ELAINE RUGGERI / SECRETARIA MUNICIPAL DE SAÚDE;(17) 35721426
SECRETARIA MUNICIPAL DE SAÚDE DE SUD MENNUCCI  ( LUDMILLA - PSICÓLOGA CLÍNICA );SUD MENNUCCI;ludmillaketelhuth@hotmail.com;LUDMILLA KETELHUTH RODRIGUES GOMES SOARES;(18) 37861474 / (18) 991210997
SECRETARIA MUNICIPAL DE SAUDE E SANEAMENTO DE SĂO BENTO DO SAPUCAÍ;SĂO BENTO DO SAPUCAÍ;assistentesaude@saobentodosapucai.sp.gov.br;SANDRA MARIA TEIXEIRA ;(12) 39711266 / (12) 39712441
SERVIÇO DE REFERĘNCIA EM ÁLCOOL E DROGA - SARAD;BOTUCATU;sarad.hcfmb@unesp.br;FERNANDO CORDEIRO PIMENTEL;(14) 38112814 / (14) 38112813
SMS MACAUBAL - UAC REGULAÇĂO RUA: CAMPOS SALES, 749 - MACAUBAL;MACAUBAL;uacregulacao@macaubal.sp.gov.br;ANA CLAUDIA SOARES MEDEIROS;(17) 996761426 / (17) 38746050
SMS SAÚDE - ITABERÁ;ITABERÁ;saude@itabera.sp.gov.br;JULIANA APARECIDA DE OLIVEIRA  -  ASSISTENTE SOCIA;(15) 996778298 / (15) 35621211
UBS  - BOM SUCESSO DE ITARARÉ;BOM SUCESSO DE ITARARÉ;prirsilva01@gmail.com;PRISCILA APARECIDA RODRIGUES DA SILVA;(15) 997422708 / (15) 35331312
UBS - BOCAINA;BOCAINA SP;social.saude@bocaina.sp.gov.br;NATALIA MANECHINI DIMAN ;(14) 36668622 / (14) 36669090
UBS - JOSÉ AUGUSTO BATISTA FILHO MENEGUETI  - PEDRO DE TOLEDO;PEDRO DE TOLEDO;saude@pedrodetoledo.sp.gov.br ;FABIANA  DINIZ MORATO - PSICOLOGA;(13) 34197040
UBS - MERIDIANO;MERIDIANO;socialsaude@meridiano.sp.gov.br;ROSANGELA FRANCISVO DE OLIVEIRA CINELI;(17) 997856361 / (17) 34751144
UBS - RUA ANTÔNIO MENDES, Nş140, CENTRO - POLONI;POLONI;assistenciasocialubspoloni@gmail.com;ALINE MAITĘ MORETI;(17) 38199910
UBS - RUA JOSÉ PEREIRA, Nş200 - IBIRAREMA;IBIRAREMA;saude@ibirarema.sp.gov.br;DANIELE DIONISIO ALVES;(14) 33071472
UBS - TAQUARITUBA;TAQUARITUBA;saudemental@taquarituba.sp.gov.br;IRONICE;(14) 37622510
UBS - UNIDADE BASICA DE SAÚDE - JUQUIÁ;JUQUIÁ;social.susjuquia@gmail.com;STHEFANI MARIA BERALDO SANTANA- ASSISTENTE SOCIAL DA ATENÇĂO BÁSICA;(13) 996808974 / (13) 38443490
UBS ÁGUAS DE SANTA BÁRBARA;ÁGUAS DE SANTA BÁRBARA;saude@aguasdesantabarbara.sp.gov.br / a.inogomes@hotmail.com;ALINE INNOCENTE GOMES;(14) 37651139 / (14) 997959854
UBS ALCIMÍNIO ASSIS LOURENÇO - BADY BASSITT;BADY BASSITT;servicosocial@badybassitt.sp.gov.br;GISLAINE C. R. PANZA ASSISTENTE SOCIAL ;(17) 38185020
UBS ALFREDO ALEXANDRE - EMBAÚBA;EMBAÚBA;saude@embauba.sp.gov.br;SANDRA (SECRETÁRIA DA SAÚDE);(17) 35661211
"UBS- AMADEU GARCIA DE SOUZA - RUA: AURÉLIO PARIZI N"" 292 CENTRO - PARISI";PARISI;saude@parisi.sp.gov.br;MARLI DONIZETE - DIRETORA;(17) 38391138
UBS ANALÂNDIA;ANALÂNDIA-SP;social@analandia.sp.gov.br / ve.analandia@gmail.com;KELLY;(19) 992367388 / (19) 35669100
UBS APARECIDA ALVES G. GORNI - RUA GABRIEL ASSAD SN - SALES;SALES;saude@sales.sp.gov.br;IVANA DE CASTRO JODAS DOMINGUES;(17) 35571111 / (17) 35571135
UBS ARNALDO ROMANO -  RUA ARAUJP TEIXEIRA 884, CENTRO - PONTES GESTAL SP.;PONTES GESTAL;luciomota@pontesgestal.sp.gov.br;LUCIO WILIAN MOTA SIQUEIRA;(17) 38441254 / (17) 38441266
UBS BETO SPANA;COSMÓPOLIS;sem informçăo;CILENE OU JANINI;(19) 38724012
UBS DE CLEMENTINA;CLEMENTINA;ubsclementina@yahoo.com.br / luiz.psicologo@yahoo.com.br;LUIZ GONZAGA FERRAZ;(18) 997271738 / (18) 36581559
UBS DE GABRIEL MONTEIRO;GABRIEL MONTEIRO;assistenciasocial@gabrielmonteiro.sp.gov.br;BEATRIZ;(18) 36021128
UBS DE NOVA GRANADA;NOVA GRANADA;novagranada@gmail.com;GISLAINE APARECIDA NOGUEIRA - COORDENADORA;(17) 991326190 / (17) 32625520
UBS DR. GERALDO CASSONI - AVENIDA AURÉLIO ORLANDI, Nş217;SANTA LÚCIA;ubstalucia@gmail.com;ANDREZA E. M. DO SACRAMENTO NASCIMENTO;(16) 33961331
UBS DR. XISTO A. RANGEL - RUA: RUI BARBOSA, 364 CENTRO URUPĘS - SP;URUPĘS;saude@urupes.sp.gov.br;IVALDA - ASSISTENTE SOCIAL ;(17) 981916407 / (17) 35521324
UBS F  - COROADOS;COROADOS/SP;agenda.cs3coroados@hotmail.com;APARECIDA DE FATIMA VALENCIA OLIVIEIRA;(18) 996112096 / (18) 36451233
UBS GASTĂO VIDIGAL;GESTĂO VIDIGAL;saude@gastaovidigal.sp.gov.br;QUITERIA RODRIGUES MARQUES;(17) 96238810 / (17) 38481158
UBS III - ARIRANHA;ARIRANHA;agendamentoariranha@outlook.com;ELISANDRA POPOLLI - ENFERMEIRA ;(17) 35761729
UBS III - PEREIRA BARRETO;PEREIRA BARRETO/SP;valmira.souza@pereirabarreto.sp.gov.br;VALMIRA BEZERRA GUEDES SOUZA;(18) 37042447 / (18) 37042330
UBS III SĂO JOĂO DAS DUAS PONTES;SĂO JOĂO DAS DUAS PONTES;saude2pontes@hotmail.com;CAMILA DONAIRE - ENFERMEIRA ;(17) 34811539
UBS III URBINO PASCOAL BAILĂO - NOVA LUZITÂNIA;NOVA LUZITÂNIA;vigilancia@novaluzitania.sp.gov.br;KEILE RENATA PADOVEZI;(17) 34831213
UBS LAURO TAVARES DE LIMA - RUA 12 DE JANEIRO, Nş17, CENTRO;IPORANGA;enfermeiromarcio@iporanga.sp.gov.br;MARCIO MOREIRA DE OLIVEIRA JUNIOR;(15) 997205285 / (15) 35561584
UBS MANOEL MORALES - AV. 27 DE DEZEMBRO, Nş300, CENTRO, TRABIJU;TRABIJU;saude@trabiju.sp.gov.br;WILLIAM ADEMIR LETICE;(16) 33491156 / (16) 33491163
UBS MARIO EVARISTO TADEI - RUA AFONSO PENA, 450 - IRAÚĂ;IRAPUĂ;irapuacs@hotmail.com;ROSA MARINA CORRĘA;(17) 996169871 / (17) 35561258
UBS NOVA CANAĂ PAULISTA - NOVA CANAĂ PAULISTA;NOVA CANAĂ PAULISTA;saude@novacanaapaulista.sp.giv.br;ELISETE ARAUJO SALVADOS;(17) 36811142
UBS PANORAMA - TABOĂO DA SERRA;TABOĂO DA SERRA;ubs.panorama@taboaodaserra.sp.gov.br;VANINI;(11) 988038448 / (11) 47711413
UBS PRACINHA;PRACINHA;saude@pracinha.sp.gov.br;IRANETE FRANCISCA PEREIRA;(18) 35521140
UBS PREF. ERIVELTO BITTENCOURT - BARRA DO TURVO;BARRA DO TURVO;secsaudebarradoturvo.sp.gov.br;JULIANA SANCHES ;(15) 35789430
UBS SAÚDE DA FAMÍLIA DE BORACEIA;BORACEIA SP; saude@boraceia.sp.gov.br;MARIA HELENA SCIPIONI;(14) 32959107
UBSF ARLINDO VIDAL LEME - RUA: HINTZ BRANDĂO, 82 LAVIA /SP;LAVINIA;saude@pmlavinia.sp.gov.br;KELLY OGASAWARA LISBOA  GERENTE;(18) 36981284
"UMS ""JOSÉ ATILIO MARCARI"" - AV.JAMIL SAID SALEH, Nş480, JD.PAULISTA, BARRINHA";BARRINHA;saudebarrinha@outlook.com;VERA LUCIA DA SILVA;(16) 39435045 / (16) 39436223
UNIDADE BÁSICA DE SAÚDE  ENDEREÇO: RUA MARECHAL CASTELO BRANCO, 601 SEBASTIANÓPOLIS DO SUL-SP;SEBASTIANÓPOLIS DO SUL-SP;sebasaude@hotmail.com;MAGALI CRISTINA TOFOLI CASADO - SECRETARIA DE SAUDE;(17) 38371238
UNIDADE BÁSICA DE SAÚDE - IARAS;IARAS;saude.iaras@outlook.com / crisebrayan@hotmail.com;CRISTIANE GUIMARĂES;(14) 997169625 / (14) 37641250
UNIDADE BÁSICA DE SAÚDE - ITABERÁ;ITABERÁ;ubs.itabera@hotmail.com;DAVIANA NAZARÉ DOS SANTOS;(15) 35622247
UNIDADE BÁSICA DE SAÚDE - LUIZIANIA;LUIZIANIA;saude@luiziania.sp.gov.br / josiel21_2015@outlook.com;JOSIEL;(18) 36031160
UNIDADE BÁSICA DE SAÚDE /ESF IROHY - BIRITIBA MIRIM;BIRITIBA MIRIM SP;ubsesfiroy@gmail.com / roselimoreira10@gmail.com;ISABELLA CANESCHI;(11) 46921397 / (11) 46926232
UNIDADE BÁSICA DE SAÚDE DA FAMÍLIA DE BILAC;BILAC SP;enfermagembilac@hotmail.com;SILVIA CRISTINA MENDES;(18) 36599220
UNIDADE BÁSICA DE SAÚDE/ESTRATÉGIA DE SAÚDE DA FAMILIA DE TAJUPÁ RUA: DOMINGOS SARTORI,34 CENTRO;TEJUPÁ;saude@tejupa.gov.sp.br;JACQUELINE GALVĂO ;(14) 33853201
UNIDADE DE PRONTO ATENDIMENTO - MOGI MIRIM;MOGI MIRIM;coord.admupa@gmail.com;LILIANA LEAL - COORDENADORA ;(19) 38623226 / (19) 38041011
UNIDADE MISTA - PRAÇA JOSÉ AYUB CALIXTO, Nş471, CENTRO, - SANTO ANTÔNIO DA ALEGRIA;SANTO ANTÔNIO DA ALEGRIA;hospsaa3@gmail.com;ANA PAULA CORSINI ELIAS DE OLIVEIRA;(16) 36681125
UNIDADE MISTA DE FERNANDO PRESTES - RUA CLELIA MACHADO DE FREITAS, Nş320, JARDIM SANTO ANTONIO;FERNANDO PRESTES;nasf@fernandoprestes.sp.gov.br;DANIELA APARECIDA ALVES DA CUNHA;(16) 32584100
UNIDADE MISTA DE SAÚDE  - PARDINHO;PARDINHO;ums@pardinho.sp.gov.br;TELMA DE OLIVEIRA;(14) 38861334
UNIDADE MISTA DE SAÚDE - CORONEL MACEDO;CORONEL MACEDO SP;servicosocial.saudecelmacedo@gmail.com / saude@coronelmacedo.sp.gov.br;JOSIELE DE PAULA SILVA REZENDE;(14) 998076323
"UNIDADE MISTA DE SAÚDE ""WANDERLEI MOACYR TORREZAN"" - RUA PROFESSOR PAULO DA SILVA COELHO, Nş 637, CENTRO";SALTINHO;direcao.saude@saltinho.sp.gov.br;PATRICIA RUSCHEL;(19) 34397710
UNIDADE MISTA DE SAÚDE DE TAIAÇU;TAIAÇU;unidademista@taiacu.sp.gov.br;ARIELLA DOS SANTOS BRAGA;(16) 996193477 / (16) 32751166
UPA - CERVEZAO;RIO CLARO SP;josyane5263@gmail.com  / servicosocial.upacvz@gmail.com;JOSIANE OU GABRIELA;(19) 996645047 / (19) 35337277
UPA - SAÚDE MENTAL SĂO JOSÉ DOS CAMPOS;SĂO JOSÉ DOS CAMPOS;upasaudemental@sjc.sp.gov.br / e.silveira.ednea@gmail.com;EDNEA VITORIA DA SILVEIRA;(12) 39319437
USF UNIDADE DE SAÚDE DA FAMILIA DE FERNĂO - RUA JOSE BONIFÁCIO N° 174 - CENTRO - FERNĂO- SP;FERNĂO;saude@fernao.sp.gov.br;ADRIANA P. FONSECA SANTOS CARGO: SECRETARIA MUNICIPAL DE SAÚDE ;(14) 32737176 / (14) 32737117
